{
  "formatVersion": 1,
  "database": {
    "version": 1,
    "identityHash": "f1bd20cc5741f2725f0ea67861868c7b",
    "entities": [
      {
        "tableName": "partido",
        "createSql": "CREATE TABLE IF NOT EXISTS `${TABLE_NAME}` (`idPartido` INTEGER NOT NULL, `EquipoLocal` TEXT, `EquipoVisitante` TEXT, `Dia` TEXT, `Mes` TEXT, `Anyo` TEXT, `Horas` TEXT, `Minutos` TEXT, `GolesLocal` INTEGER NOT NULL, `GolesVisitante` INTEGER NOT NULL, `FaltasLocales` INTEGER NOT NULL, `FaltasVisitante` INTEGER NOT NULL, `Lista` TEXT, `EstadoPartido` TEXT, `TiempoPartido` INTEGER, PRIMARY KEY(`idPartido`))",
        "fields": [
          {
            "fieldPath": "idPartido",
            "columnName": "idPartido",
            "affinity": "INTEGER",
            "notNull": true
          },
          {
            "fieldPath": "equipoLocal",
            "columnName": "EquipoLocal",
            "affinity": "TEXT",
            "notNull": false
          },
          {
            "fieldPath": "equipoVisitante",
            "columnName": "EquipoVisitante",
            "affinity": "TEXT",
            "notNull": false
          },
          {
            "fieldPath": "dia",
            "columnName": "Dia",
            "affinity": "TEXT",
            "notNull": false
          },
          {
            "fieldPath": "mes",
            "columnName": "Mes",
            "affinity": "TEXT",
            "notNull": false
          },
          {
            "fieldPath": "anyo",
            "columnName": "Anyo",
            "affinity": "TEXT",
            "notNull": false
          },
          {
            "fieldPath": "horas",
            "columnName": "Horas",
            "affinity": "TEXT",
            "notNull": false
          },
          {
            "fieldPath": "minutos",
            "columnName": "Minutos",
            "affinity": "TEXT",
            "notNull": false
          },
          {
            "fieldPath": "golesLocal",
            "columnName": "GolesLocal",
            "affinity": "INTEGER",
            "notNull": true
          },
          {
            "fieldPath": "golesVisitante",
            "columnName": "GolesVisitante",
            "affinity": "INTEGER",
            "notNull": true
          },
          {
            "fieldPath": "faltasLocales",
            "columnName": "FaltasLocales",
            "affinity": "INTEGER",
            "notNull": true
          },
          {
            "fieldPath": "faltasVisitantes",
            "columnName": "FaltasVisitante",
            "affinity": "INTEGER",
            "notNull": true
          },
          {
            "fieldPath": "lista",
            "columnName": "Lista",
            "affinity": "TEXT",
            "notNull": false
          },
          {
            "fieldPath": "estadoPartido",
            "columnName": "EstadoPartido",
            "affinity": "TEXT",
            "notNull": false
          },
          {
            "fieldPath": "tiempoPartido",
            "columnName": "TiempoPartido",
            "affinity": "INTEGER",
            "notNull": false
          }
        ],
        "primaryKey": {
          "columnNames": [
            "idPartido"
          ],
          "autoGenerate": false
        },
        "indices": [],
        "foreignKeys": []
      }
    ],
    "views": [],
    "setupQueries": [
      "CREATE TABLE IF NOT EXISTS room_master_table (id INTEGER PRIMARY KEY,identity_hash TEXT)",
      "INSERT OR REPLACE INTO room_master_table (id,identity_hash) VALUES(42, 'f1bd20cc5741f2725f0ea67861868c7b')"
    ]
  }
}